random_id,participant,n
p0hlt41tr55,pelican,623
p0rqdol6vkq,manatee,629
p0skpjr7w1p,flamingo,638
p1mzf32delq,trex,656
p20xng64d9m,p73,650
p27z2chwkn6,tardigrade666,599
p7elzz0ew7p,eagle,647
panu1747hap,cheetah,644
pbs040o3uvc,moose,611
pbtb0o7fkvk,camel,630
peefa9q8jxy,leopard,636
pezx9btl65e,hedgehog,608
pgo4a3w2130,tiger,656
phkpn02qx0l,gazelle,644
pkr5zwjoqfy,falcon,638
plhygmgtf28,kangaroo,632
pppnvxzgt5o,A17689315,626
pq975lypb5a,squirrel,635
pr5oady3g9p,shark,602
psfbv10qd5k,panda,632
psufftogyyo,heron,651
pt68as8ppoc,turtle,605
pwnth7f2j08,seal,611
px2utorg010,axolotl,605
pypx0kongsf,jaguar,617
